{
    "bleu": 0.0,
    "rouge1": 0.12899896800825594,
    "rouge2": 0.0,
    "rougeL": 0.11145510835913311,
    "rougeLsum": 0.11145510835913311,
    "meteor_score": 0.22276520249881004,
    "BERTScore_precision": 0.8278552889823914,
    "BERTScore_recall": 0.8728640377521515,
    "BERTScore_f1": 0.8497079610824585
}